<?xml version="1.0" encoding="UTF-8"?>

<layout version="2.3.2022070601" updatetime="20220706">
	<switch>
		<type id="42542" src="icon_20220419151654.png" title="明星" selected="true">
			<image src="1C8A59AEFBD8B6D99AC42200EC28E78A.jpg" title="许凯旧照曝光" content="小学时是酷帅少年郎，上大学后变为高颜值男神，许凯真是从小帅到大。©盖饭娱乐" cpname="" download="" contenturl="https://huawei.17getfun.com/lockscreen/Huaweisuoping-3624040.html?meetting=1654642837624" packagename=""/>
			<image src="BFFDFD47E8BA27DF7111B138A2DD5432.jpg" title="娱乐圈习武高手" content="盘点娱乐圈中不为人知的功夫高手，没想到他们藏的这么深！©疯狂E族" cpname="" download="" contenturl="https://4g.baizhan.net/05/1773/302746_0.html?6217" packagename=""/>
			<image src="5735BA2937492C527D9E79CCB5C68A3B.jpg" title="优质演员胡先煦" content="童星出道的胡先煦，已经成功转型为一名有颜有实力的青年演员。©疯狂E族" cpname="" download="" contenturl="https://4g.baizhan.net/05/1773/302376_0.html?6210" packagename=""/>
			<image src="A0DC8D247C2222932CB4238EBDEEEA9B.jpg" title="潜心演戏的女星" content="秦岚演技过硬，她饰演的“富察容音”，成为众多观众心中的白月光。©盖饭娱乐" cpname="" download="" contenturl="https://huawei.17getfun.com/lockscreen/Huaweisuoping-3624383.html?meetting=1655884836534" packagename=""/>
			<image src="A10D069D164A0F8CE9A87414CF09B847.jpg" title="幸福到万家" content="赵丽颖郑晓龙时隔15年再合作，上演农村媳妇的成长逆袭。©视频" cpname="" download="" contenturl="https://url.cloud.huawei.com/huxlAtISis" packagename=""/>
			<image src="FC3B49D5542D68B767C9C14DCA1C03C0.jpg" title="江疏影演技出圈" content="江疏影主演的《女士的法则》，刚播出就释放了很多“火”的信号！©视觉中国" cpname="" download="" contenturl="https://h5.visualchina.com/article/article_213986.html?ad=yes&amp;channelCode=huawei" packagename=""/>
			<image src="00D19307DBB6CDA210FE7DB5BA7E185B.jpg" title="周笔畅精致生活" content="周笔畅的居家生活，不仅以音乐为伴，就连呼吸都是带有花香的！©视觉中国" cpname="" download="" contenturl="https://h5.visualchina.com/article/article_213783.html?ad=yes&amp;channelCode=huawei" packagename=""/>
			<image src="60D850CEBE9DFDA463A42E843287E618.jpg" title="沈月元气写真" content="沈月学生气满满，随性漫步校园美食老街，重拾青葱回忆。©图虫创意" cpname="" download="" contenturl="https://open.toutiao.com/a7113452462572405280/?utm_campaign=open&amp;utm_medium=webview&amp;utm_source=huawei_sl_wap&amp;cover_id=427075" packagename=""/>
			<image src="539171C47C02259DC0A9ED6E7BEB6ADD.jpg" title="魅力女神万茜" content="她身穿一袭白色衣裳，俏脸清丽，秀眸明媚，美若窈窕仙子。©图虫创意" cpname="" download="" contenturl="https://open.toutiao.com/a7115664591073559074/?utm_campaign=open&amp;utm_medium=webview&amp;utm_source=huawei_sl_wap&amp;cover_id=427069" packagename=""/>
		</type>
	</switch>
</layout>
